Cedula;Nombre;Telefono;E-mail;Estado;Puesto;Cargo;Inicio de Actividades;Fin de Actividades
932543211;Alex Snow;932454311;mrSnow2022@espol.edu.ec;ACTIVO;Oficina 1;ADMINISTRADOR;No Registrado;No Registrado
932543212;Francis Snow;932254331;francis@gmail.com;ACTIVO;Garita 3;GUARDIA;No Registrado;No Registrado
932543213;Carlos Cabanilla;932454312;cacabani@fiec.espol;ACTIVO;Oficina 2;ADMINISTRADOR;No Registrado;No Registrado
932543214;Juan Maldonado;932454313;maldoju@espol.edu.e};INACTIVO;Oficina 2;ADMINISTRADOR;No Registrado;No Registrado
932543215;Don Francisco;932254314;donfran@gmail.com;ACTIVO;Garita 1;GUARDIA;No Registrado;No Registrado
932543216;Margarita Peluche;932254315;peluche@gmail.com;INACTIVO;Garita 1;GUARDIA;No Registrado;No Registrado
932543217;Don Ramon;932254316;ramon@gmail.com;ACTIVO;Entrada Principal;JARDINERO;No Registrado;No Registrado
932543218;Pinocho;932254317;pinocho@mentiroso.com;ACTIVO;Parque Principal;JARDINERO;No Registrado;No Registrado