<?xml version="1.0" encoding="UTF-8"?>
<project version="4">
  <component name="ChangeListManager">
    <list default="true" id="f0aac9a0-29f4-441c-9c50-c43f8ef33ddd" name="Default" comment="" />
    <ignored path="$PROJECT_DIR$/out/" />
    <option name="EXCLUDED_CONVERTED_TO_IGNORED" value="true" />
    <option name="TRACKING_ENABLED" value="true" />
    <option name="SHOW_DIALOG" value="false" />
    <option name="HIGHLIGHT_CONFLICTS" value="true" />
    <option name="HIGHLIGHT_NON_ACTIVE_CHANGELIST" value="false" />
    <option name="LAST_RESOLUTION" value="IGNORE" />
  </component>
  <component name="CoverageDataManager">
    <SUITE FILE_PATH="coverage/ShopBS$Main.ic" NAME="Main Coverage Results" MODIFIED="1548508535035" SOURCE_PROVIDER="com.intellij.coverage.DefaultCoverageFileProvider" RUNNER="idea" COVERAGE_BY_TEST_ENABLED="false" COVERAGE_TRACING_ENABLED="false" />
  </component>
  <component name="FileEditorManager">
    <leaf SIDE_TABS_SIZE_LIMIT_KEY="300">
      <file leaf-file-name="Main.java" pinned="false" current-in-tab="false">
        <entry file="file://$PROJECT_DIR$/src/com/brtsgn/Main.java">
          <provider selected="true" editor-type-id="text-editor">
            <state relative-caret-position="382">
              <caret line="27" column="27" selection-start-line="27" selection-start-column="27" selection-end-line="27" selection-end-column="27" />
            </state>
          </provider>
        </entry>
      </file>
      <file leaf-file-name="Factory.java" pinned="false" current-in-tab="false">
        <entry file="file://$PROJECT_DIR$/src/com/brtsgn/Factory.java">
          <provider selected="true" editor-type-id="text-editor">
            <state relative-caret-position="204">
              <caret line="24" column="30" selection-start-line="24" selection-start-column="30" selection-end-line="24" selection-end-column="30" />
            </state>
          </provider>
        </entry>
      </file>
      <file leaf-file-name="Laptop.java" pinned="false" current-in-tab="false">
        <entry file="file://$PROJECT_DIR$/src/com/brtsgn/Laptop.java">
          <provider selected="true" editor-type-id="text-editor">
            <state>
              <caret column="9" selection-start-column="9" selection-end-column="9" />
            </state>
          </provider>
        </entry>
      </file>
      <file leaf-file-name="Shop.java" pinned="false" current-in-tab="false">
        <entry file="file://$PROJECT_DIR$/src/com/brtsgn/Shop.java">
          <provider selected="true" editor-type-id="text-editor">
            <state relative-caret-position="357">
              <caret line="117" lean-forward="true" selection-start-line="117" selection-end-line="117" />
              <folding>
                <element signature="imports" expanded="true" />
                <element signature="method#Shop#0;class#Shop#0" />
                <element signature="method#getProduct#0;class#Shop#0" />
                <element signature="method#sendProduct#0;class#Shop#0" />
                <element signature="method#returnProduct#0;class#Shop#0" />
                <element signature="method#showInventory#0;class#Shop#0" />
                <element signature="method#remainStock#0;class#Shop#0" />
              </folding>
            </state>
          </provider>
        </entry>
      </file>
      <file leaf-file-name="ShoppingCart.java" pinned="false" current-in-tab="true">
        <entry file="file://$PROJECT_DIR$/src/com/brtsgn/ShoppingCart.java">
          <provider selected="true" editor-type-id="text-editor">
            <state relative-caret-position="331">
              <caret line="180" column="70" lean-forward="true" selection-start-line="180" selection-start-column="70" selection-end-line="180" selection-end-column="70" />
              <folding>
                <element signature="imports" expanded="true" />
                <element signature="method#ShoppingCart#0;class#ShoppingCart#0" />
              </folding>
            </state>
          </provider>
        </entry>
      </file>
      <file leaf-file-name="StockOnHand.txt" pinned="false" current-in-tab="false">
        <entry file="file://$PROJECT_DIR$/StockOnHand.txt">
          <provider selected="true" editor-type-id="text-editor">
            <state relative-caret-position="51">
              <caret line="3" column="9" lean-forward="true" selection-start-line="3" selection-start-column="9" selection-end-line="3" selection-end-column="9" />
            </state>
          </provider>
        </entry>
      </file>
      <file leaf-file-name="Receipt.txt" pinned="false" current-in-tab="false">
        <entry file="file://$PROJECT_DIR$/Receipt.txt">
          <provider selected="true" editor-type-id="text-editor">
            <state relative-caret-position="34">
              <caret line="2" column="20" lean-forward="true" selection-start-line="2" selection-start-column="20" selection-end-line="2" selection-end-column="20" />
            </state>
          </provider>
        </entry>
      </file>
    </leaf>
  </component>
  <component name="FileTemplateManagerImpl">
    <option name="RECENT_TEMPLATES">
      <list>
        <option value="Interface" />
        <option value="Class" />
      </list>
    </option>
  </component>
  <component name="IdeDocumentHistory">
    <option name="CHANGED_PATHS">
      <list>
        <option value="$PROJECT_DIR$/src/com/brtsgn/Phone.java" />
        <option value="$PROJECT_DIR$/src/com/brtsgn/Camera.java" />
        <option value="$PROJECT_DIR$/src/com/brtsgn/Printer.java" />
        <option value="$PROJECT_DIR$/src/com/brtsgn/Laptop.java" />
        <option value="$PROJECT_DIR$/src/com/brtsgn/Product.java" />
        <option value="$PROJECT_DIR$/src/com/brtsgn/Assortment.java" />
        <option value="$PROJECT_DIR$/src/com/brtsgn/Main.java" />
        <option value="$PROJECT_DIR$/src/com/brtsgn/Shop.java" />
        <option value="$PROJECT_DIR$/src/com/brtsgn/Factory.java" />
        <option value="$PROJECT_DIR$/src/com/brtsgn/ShoppingCart.java" />
      </list>
    </option>
  </component>
  <component name="ProjectFrameBounds" extendedState="6">
    <option name="x" value="550" />
    <option name="width" value="823" />
    <option name="height" value="735" />
  </component>
  <component name="ProjectView">
    <navigator proportions="" version="1">
      <foldersAlwaysOnTop value="true" />
    </navigator>
    <panes>
      <pane id="PackagesPane" />
      <pane id="AndroidView" />
      <pane id="ProjectPane">
        <subPane>
          <expand>
            <path>
              <item name="ShopBS" type="b2602c69:ProjectViewProjectNode" />
              <item name="ShopBS" type="462c0819:PsiDirectoryNode" />
            </path>
            <path>
              <item name="ShopBS" type="b2602c69:ProjectViewProjectNode" />
              <item name="ShopBS" type="462c0819:PsiDirectoryNode" />
              <item name="src" type="462c0819:PsiDirectoryNode" />
            </path>
            <path>
              <item name="ShopBS" type="b2602c69:ProjectViewProjectNode" />
              <item name="ShopBS" type="462c0819:PsiDirectoryNode" />
              <item name="src" type="462c0819:PsiDirectoryNode" />
              <item name="brtsgn" type="462c0819:PsiDirectoryNode" />
            </path>
          </expand>
          <select />
        </subPane>
      </pane>
      <pane id="Scope" />
    </panes>
  </component>
  <component name="PropertiesComponent">
    <property name="last_opened_file_path" value="$PROJECT_DIR$" />
  </component>
  <component name="RunDashboard">
    <option name="ruleStates">
      <list>
        <RuleState>
          <option name="name" value="ConfigurationTypeDashboardGroupingRule" />
        </RuleState>
        <RuleState>
          <option name="name" value="StatusDashboardGroupingRule" />
        </RuleState>
      </list>
    </option>
  </component>
  <component name="RunManager">
    <configuration name="Main" type="Application" factoryName="Application" temporary="true">
      <option name="MAIN_CLASS_NAME" value="com.brtsgn.Main" />
      <module name="ShopBS" />
      <option name="WORKING_DIRECTORY" value="file://$PROJECT_DIR$" />
      <RunnerSettings RunnerId="Run" />
      <ConfigurationWrapper RunnerId="Run" />
    </configuration>
    <recent_temporary>
      <list>
        <item itemvalue="Application.Main" />
      </list>
    </recent_temporary>
  </component>
  <component name="SvnConfiguration">
    <configuration />
  </component>
  <component name="TaskManager">
    <task active="true" id="Default" summary="Default task">
      <changelist id="f0aac9a0-29f4-441c-9c50-c43f8ef33ddd" name="Default" comment="" />
      <created>1548337241905</created>
      <option name="number" value="Default" />
      <option name="presentableId" value="Default" />
      <updated>1548337241905</updated>
    </task>
    <servers />
  </component>
  <component name="ToolWindowManager">
    <frame x="-8" y="-8" width="1382" height="744" extended-state="6" />
    <editor active="true" />
    <layout>
      <window_info anchor="right" id="Palette" order="3" />
      <window_info anchor="bottom" id="TODO" order="6" />
      <window_info anchor="bottom" id="Messages" order="9" weight="0.32933104" />
      <window_info anchor="right" id="Palette&#9;" order="7" />
      <window_info id="Image Layers" order="2" />
      <window_info anchor="right" id="Capture Analysis" order="4" />
      <window_info anchor="bottom" id="Event Log" order="10" side_tool="true" />
      <window_info anchor="right" id="Maven Projects" order="6" />
      <window_info anchor="bottom" id="Version Control" order="8" show_stripe_button="false" />
      <window_info anchor="bottom" id="Run" order="2" weight="0.3361921" />
      <window_info anchor="bottom" id="Terminal" order="7" />
      <window_info id="Capture Tool" order="7" />
      <window_info id="Designer" order="3" />
      <window_info content_ui="combo" id="Project" order="0" weight="0.13615733" />
      <window_info id="Learn" order="5" />
      <window_info id="Structure" order="1" side_tool="true" weight="0.25" />
      <window_info anchor="right" id="Ant Build" order="1" weight="0.25" />
      <window_info id="UI Designer" order="4" />
      <window_info anchor="right" id="Theme Preview" order="5" />
      <window_info id="Favorites" order="6" side_tool="true" />
      <window_info anchor="bottom" id="Debug" order="3" weight="0.4" />
      <window_info anchor="right" content_ui="combo" id="Hierarchy" order="2" weight="0.25" />
      <window_info anchor="right" id="Coverage" order="8" side_tool="true" weight="0.32980332" />
      <window_info anchor="bottom" id="Inspection" order="5" weight="0.4" />
      <window_info anchor="right" id="Commander" internal_type="SLIDING" order="0" type="SLIDING" weight="0.4" />
      <window_info anchor="bottom" id="Message" order="0" />
      <window_info anchor="bottom" id="Cvs" order="4" weight="0.25" />
      <window_info anchor="bottom" id="Find" order="1" />
    </layout>
    <layout-to-restore>
      <window_info anchor="right" id="Palette" order="3" />
      <window_info anchor="bottom" id="Find" order="1" />
      <window_info anchor="right" content_ui="combo" id="Hierarchy" order="2" weight="0.25" />
      <window_info anchor="right" id="Capture Analysis" order="4" />
      <window_info anchor="right" id="Coverage" order="8" side_tool="true" weight="0.32980332" />
      <window_info anchor="bottom" id="Run" order="2" visible="true" weight="0.3361921" />
      <window_info anchor="right" id="Ant Build" order="1" weight="0.25" />
      <window_info anchor="bottom" id="Cvs" order="4" weight="0.25" />
      <window_info active="true" content_ui="combo" id="Project" order="0" visible="true" weight="0.13615733" />
      <window_info id="Structure" order="1" side_tool="true" weight="0.25" />
      <window_info anchor="right" id="Theme Preview" order="5" />
      <window_info anchor="bottom" id="TODO" order="6" />
      <window_info anchor="bottom" id="Message" order="0" />
      <window_info id="Image Layers" order="2" />
      <window_info id="Designer" order="3" />
      <window_info id="UI Designer" order="4" />
      <window_info anchor="bottom" id="Debug" order="3" weight="0.4" />
      <window_info id="Learn" order="5" />
      <window_info anchor="right" id="Palette&#9;" order="7" />
      <window_info anchor="bottom" id="Terminal" order="7" />
      <window_info anchor="bottom" id="Event Log" order="10" side_tool="true" />
      <window_info anchor="bottom" id="Inspection" order="5" weight="0.4" />
      <window_info anchor="bottom" id="Version Control" order="8" show_stripe_button="false" />
      <window_info id="Capture Tool" order="7" />
      <window_info anchor="right" id="Commander" internal_type="SLIDING" order="0" type="SLIDING" weight="0.4" />
      <window_info anchor="bottom" id="Messages" order="9" weight="0.32933104" />
      <window_info anchor="right" id="Maven Projects" order="6" />
      <window_info id="Favorites" order="6" side_tool="true" />
    </layout-to-restore>
  </component>
  <component name="VcsContentAnnotationSettings">
    <option name="myLimit" value="2678400000" />
  </component>
  <component name="XDebuggerManager">
    <breakpoint-manager>
      <option name="time" value="5" />
    </breakpoint-manager>
  </component>
  <component name="editorHistoryManager">
    <entry file="file://$PROJECT_DIR$/src/com/brtsgn/Main.java">
      <provider selected="true" editor-type-id="text-editor">
        <state relative-caret-position="459">
          <caret line="27" column="27" selection-start-line="27" selection-start-column="27" selection-end-line="27" selection-end-column="27" />
        </state>
      </provider>
    </entry>
    <entry file="file://$PROJECT_DIR$/src/com/brtsgn/Shop.java">
      <provider selected="true" editor-type-id="text-editor">
        <state relative-caret-position="1343">
          <caret line="79" column="5" lean-forward="true" selection-start-line="79" selection-start-column="5" selection-end-line="79" selection-end-column="5" />
          <folding>
            <element signature="imports" expanded="true" />
            <element signature="method#Shop#0;class#Shop#0" />
            <element signature="method#getProduct#0;class#Shop#0" />
            <element signature="method#sendProduct#0;class#Shop#0" />
            <element signature="method#returnProduct#0;class#Shop#0" />
            <element signature="method#showInventory#0;class#Shop#0" />
            <element signature="method#remainStock#0;class#Shop#0" />
          </folding>
        </state>
      </provider>
    </entry>
    <entry file="file://$PROJECT_DIR$/src/com/brtsgn/ShoppingCart.java">
      <provider selected="true" editor-type-id="text-editor">
        <state relative-caret-position="340">
          <caret line="20" column="48" lean-forward="true" selection-start-line="20" selection-start-column="48" selection-end-line="20" selection-end-column="48" />
          <folding>
            <element signature="imports" expanded="true" />
            <element signature="method#ShoppingCart#0;class#ShoppingCart#0" />
          </folding>
        </state>
      </provider>
    </entry>
    <entry file="file://$PROJECT_DIR$/src/com/brtsgn/Main.java">
      <provider selected="true" editor-type-id="text-editor">
        <state relative-caret-position="408">
          <caret line="24" column="8" selection-start-line="24" selection-start-column="8" selection-end-line="24" selection-end-column="8" />
        </state>
      </provider>
    </entry>
    <entry file="file://$PROJECT_DIR$/src/com/brtsgn/ShoppingCart.java">
      <provider selected="true" editor-type-id="text-editor">
        <state relative-caret-position="629">
          <caret line="37" column="43" lean-forward="true" selection-start-line="37" selection-start-column="43" selection-end-line="37" selection-end-column="43" />
          <folding>
            <element signature="imports" expanded="true" />
            <element signature="method#ShoppingCart#0;class#ShoppingCart#0" />
          </folding>
        </state>
      </provider>
    </entry>
    <entry file="file://$PROJECT_DIR$/src/com/brtsgn/Shop.java">
      <provider selected="true" editor-type-id="text-editor">
        <state relative-caret-position="459">
          <caret line="27" column="24" lean-forward="true" selection-start-line="27" selection-start-column="24" selection-end-line="27" selection-end-column="24" />
          <folding>
            <element signature="imports" expanded="true" />
            <element signature="method#Shop#0;class#Shop#0" />
            <element signature="method#getProduct#0;class#Shop#0" />
            <element signature="method#sendProduct#0;class#Shop#0" />
            <element signature="method#returnProduct#0;class#Shop#0" />
            <element signature="method#showInventory#0;class#Shop#0" />
            <element signature="method#remainStock#0;class#Shop#0" />
          </folding>
        </state>
      </provider>
    </entry>
    <entry file="file://$PROJECT_DIR$/src/com/brtsgn/Main.java">
      <provider selected="true" editor-type-id="text-editor">
        <state relative-caret-position="68">
          <caret line="5" column="33" selection-start-line="5" selection-start-column="33" selection-end-line="5" selection-end-column="33" />
        </state>
      </provider>
    </entry>
    <entry file="file://$PROJECT_DIR$/src/com/brtsgn/Assortment.java">
      <provider selected="true" editor-type-id="text-editor">
        <state relative-caret-position="136">
          <caret line="8" column="39" lean-forward="true" selection-start-line="8" selection-start-column="39" selection-end-line="8" selection-end-column="39" />
        </state>
      </provider>
    </entry>
    <entry file="file://$PROJECT_DIR$/src/com/brtsgn/Factory.java">
      <provider selected="true" editor-type-id="text-editor">
        <state relative-caret-position="1156">
          <caret line="68" column="23" lean-forward="true" selection-start-line="68" selection-start-column="23" selection-end-line="68" selection-end-column="23" />
        </state>
      </provider>
    </entry>
    <entry file="file://$PROJECT_DIR$/src/com/brtsgn/Shop.java">
      <provider selected="true" editor-type-id="text-editor">
        <state relative-caret-position="85">
          <caret line="5" column="57" lean-forward="true" selection-start-line="5" selection-start-column="57" selection-end-line="5" selection-end-column="57" />
          <folding>
            <element signature="imports" expanded="true" />
            <element signature="method#Shop#0;class#Shop#0" />
            <element signature="method#getProduct#0;class#Shop#0" />
            <element signature="method#sendProduct#0;class#Shop#0" />
            <element signature="method#returnProduct#0;class#Shop#0" />
            <element signature="method#showInventory#0;class#Shop#0" />
            <element signature="method#remainStock#0;class#Shop#0" />
          </folding>
        </state>
      </provider>
    </entry>
    <entry file="file://$PROJECT_DIR$/src/com/brtsgn/Product.java">
      <provider selected="true" editor-type-id="text-editor">
        <state relative-caret-position="102">
          <caret line="6" column="25" lean-forward="true" selection-start-line="6" selection-start-column="25" selection-end-line="6" selection-end-column="25" />
        </state>
      </provider>
    </entry>
    <entry file="file://$PROJECT_DIR$/src/com/brtsgn/Laptop.java">
      <provider selected="true" editor-type-id="text-editor">
        <state relative-caret-position="272">
          <caret line="16" column="58" lean-forward="true" selection-start-line="16" selection-start-column="58" selection-end-line="16" selection-end-column="58" />
        </state>
      </provider>
    </entry>
    <entry file="file://$PROJECT_DIR$/src/com/brtsgn/Phone.java">
      <provider selected="true" editor-type-id="text-editor">
        <state relative-caret-position="102">
          <caret line="6" column="11" selection-start-line="6" selection-start-column="11" selection-end-line="6" selection-end-column="11" />
        </state>
      </provider>
    </entry>
    <entry file="file://$PROJECT_DIR$/src/com/brtsgn/Camera.java">
      <provider selected="true" editor-type-id="text-editor">
        <state relative-caret-position="85">
          <caret line="5" column="11" selection-start-line="5" selection-start-column="11" selection-end-line="5" selection-end-column="11" />
        </state>
      </provider>
    </entry>
    <entry file="file://$PROJECT_DIR$/src/com/brtsgn/Printer.java">
      <provider selected="true" editor-type-id="text-editor">
        <state relative-caret-position="119">
          <caret line="7" column="11" selection-start-line="7" selection-start-column="11" selection-end-line="7" selection-end-column="11" />
        </state>
      </provider>
    </entry>
    <entry file="file://$PROJECT_DIR$/src/com/brtsgn/ShoppingCart.java">
      <provider selected="true" editor-type-id="text-editor">
        <state relative-caret-position="510">
          <caret line="30" column="41" selection-start-line="30" selection-start-column="41" selection-end-line="30" selection-end-column="41" />
        </state>
      </provider>
    </entry>
    <entry file="file://$PROJECT_DIR$/src/com/brtsgn/Main.java">
      <provider selected="true" editor-type-id="text-editor">
        <state relative-caret-position="85">
          <caret line="5" column="33" lean-forward="true" selection-start-line="5" selection-start-column="33" selection-end-line="5" selection-end-column="33" />
        </state>
      </provider>
    </entry>
    <entry file="file://$PROJECT_DIR$/src/com/brtsgn/Product.java">
      <provider selected="true" editor-type-id="text-editor">
        <state relative-caret-position="374">
          <caret line="22" column="32" lean-forward="true" selection-start-line="22" selection-start-column="32" selection-end-line="22" selection-end-column="32" />
        </state>
      </provider>
    </entry>
    <entry file="file://$PROJECT_DIR$/src/com/brtsgn/Shop.java">
      <provider selected="true" editor-type-id="text-editor">
        <state relative-caret-position="221">
          <caret line="13" lean-forward="true" selection-start-line="13" selection-end-line="13" />
          <folding>
            <element signature="imports" expanded="true" />
            <element signature="method#Shop#0;class#Shop#0" />
            <element signature="method#getProduct#0;class#Shop#0" />
            <element signature="method#sendProduct#0;class#Shop#0" />
            <element signature="method#returnProduct#0;class#Shop#0" />
            <element signature="method#showInventory#0;class#Shop#0" />
            <element signature="method#remainStock#0;class#Shop#0" />
          </folding>
        </state>
      </provider>
    </entry>
    <entry file="file://$PROJECT_DIR$/src/com/brtsgn/ShoppingCart.java">
      <provider selected="true" editor-type-id="text-editor">
        <state>
          <caret column="19" lean-forward="true" selection-start-column="19" selection-end-column="19" />
        </state>
      </provider>
    </entry>
    <entry file="file://$PROJECT_DIR$/src/com/brtsgn/Assortment.java">
      <provider selected="true" editor-type-id="text-editor">
        <state relative-caret-position="51">
          <caret line="3" column="37" lean-forward="true" selection-start-line="3" selection-start-column="37" selection-end-line="3" selection-end-column="37" />
        </state>
      </provider>
    </entry>
    <entry file="file://$PROJECT_DIR$/src/com/brtsgn/Camera.java">
      <provider selected="true" editor-type-id="text-editor">
        <state relative-caret-position="85">
          <caret line="5" column="11" selection-start-line="5" selection-start-column="11" selection-end-line="5" selection-end-column="11" />
        </state>
      </provider>
    </entry>
    <entry file="file://$PROJECT_DIR$/src/com/brtsgn/Assortment.java">
      <provider selected="true" editor-type-id="text-editor">
        <state relative-caret-position="136">
          <caret line="8" column="40" lean-forward="true" selection-start-line="8" selection-start-column="40" selection-end-line="8" selection-end-column="40" />
        </state>
      </provider>
    </entry>
    <entry file="file://$PROJECT_DIR$/src/com/brtsgn/Phone.java">
      <provider selected="true" editor-type-id="text-editor">
        <state relative-caret-position="102">
          <caret line="6" column="11" selection-start-line="6" selection-start-column="11" selection-end-line="6" selection-end-column="11" />
        </state>
      </provider>
    </entry>
    <entry file="file://$PROJECT_DIR$/src/com/brtsgn/Printer.java">
      <provider selected="true" editor-type-id="text-editor">
        <state relative-caret-position="119">
          <caret line="7" column="11" selection-start-line="7" selection-start-column="11" selection-end-line="7" selection-end-column="11" />
        </state>
      </provider>
    </entry>
    <entry file="file://$PROJECT_DIR$/example.txt" />
    <entry file="file://$PROJECT_DIR$/src/com/brtsgn/Product.java">
      <provider selected="true" editor-type-id="text-editor">
        <state relative-caret-position="187">
          <caret line="11" column="33" lean-forward="true" selection-start-line="11" selection-start-column="33" selection-end-line="11" selection-end-column="33" />
        </state>
      </provider>
    </entry>
    <entry file="file://$PROJECT_DIR$/src/com/brtsgn/Shop.java">
      <provider selected="true" editor-type-id="text-editor">
        <state relative-caret-position="357">
          <caret line="117" lean-forward="true" selection-start-line="117" selection-end-line="117" />
          <folding>
            <element signature="imports" expanded="true" />
            <element signature="method#Shop#0;class#Shop#0" />
            <element signature="method#getProduct#0;class#Shop#0" />
            <element signature="method#sendProduct#0;class#Shop#0" />
            <element signature="method#returnProduct#0;class#Shop#0" />
            <element signature="method#showInventory#0;class#Shop#0" />
            <element signature="method#remainStock#0;class#Shop#0" />
          </folding>
        </state>
      </provider>
    </entry>
    <entry file="file://$PROJECT_DIR$/src/com/brtsgn/Main.java">
      <provider selected="true" editor-type-id="text-editor">
        <state relative-caret-position="382">
          <caret line="27" column="27" selection-start-line="27" selection-start-column="27" selection-end-line="27" selection-end-column="27" />
        </state>
      </provider>
    </entry>
    <entry file="file://$PROJECT_DIR$/src/com/brtsgn/Laptop.java">
      <provider selected="true" editor-type-id="text-editor">
        <state>
          <caret column="9" selection-start-column="9" selection-end-column="9" />
        </state>
      </provider>
    </entry>
    <entry file="file://$PROJECT_DIR$/src/com/brtsgn/Factory.java">
      <provider selected="true" editor-type-id="text-editor">
        <state relative-caret-position="204">
          <caret line="24" column="30" selection-start-line="24" selection-start-column="30" selection-end-line="24" selection-end-column="30" />
        </state>
      </provider>
    </entry>
    <entry file="file://$PROJECT_DIR$/Receipt.txt">
      <provider selected="true" editor-type-id="text-editor">
        <state relative-caret-position="34">
          <caret line="2" column="20" lean-forward="true" selection-start-line="2" selection-start-column="20" selection-end-line="2" selection-end-column="20" />
        </state>
      </provider>
    </entry>
    <entry file="file://$PROJECT_DIR$/StockOnHand.txt">
      <provider selected="true" editor-type-id="text-editor">
        <state relative-caret-position="51">
          <caret line="3" column="9" lean-forward="true" selection-start-line="3" selection-start-column="9" selection-end-line="3" selection-end-column="9" />
        </state>
      </provider>
    </entry>
    <entry file="file://$PROJECT_DIR$/src/com/brtsgn/ShoppingCart.java">
      <provider selected="true" editor-type-id="text-editor">
        <state relative-caret-position="331">
          <caret line="180" column="70" lean-forward="true" selection-start-line="180" selection-start-column="70" selection-end-line="180" selection-end-column="70" />
          <folding>
            <element signature="imports" expanded="true" />
            <element signature="method#ShoppingCart#0;class#ShoppingCart#0" />
          </folding>
        </state>
      </provider>
    </entry>
  </component>
</project>