<?xml version="1.0" encoding="UTF-8"?>
<project-private xmlns="http://www.netbeans.org/ns/project-private/1">
    <editor-bookmarks xmlns="http://www.netbeans.org/ns/editor-bookmarks/2" lastBookmarkId="0"/>
    <open-files xmlns="http://www.netbeans.org/ns/projectui-open-files/2">
        <group>
            <file>file:/D:/Documentos/OneDriveRbloor/OneDrive/Documentos/NetBeansProjects/Proyecto1P/PoliVentas/src/controladores/Ventas.java</file>
            <file>file:/D:/Documentos/OneDriveRbloor/OneDrive/Documentos/NetBeansProjects/Proyecto1P/PoliVentas/src/controladores/PantallaVentas.java</file>
            <file>file:/D:/Documentos/OneDriveRbloor/OneDrive/Documentos/NetBeansProjects/Proyecto1P/PoliVentas/src/controladores/PatallaCompras.java</file>
            <file>file:/D:/Documentos/OneDriveRbloor/OneDrive/Documentos/NetBeansProjects/Proyecto1P/PoliVentas/src/controladores/PantallaAdministrador.java</file>
            <file>file:/D:/Documentos/OneDriveRbloor/OneDrive/Documentos/NetBeansProjects/Proyecto1P/PoliVentas/src/controladores/AdmUsuarios.java</file>
            <file>file:/D:/Documentos/OneDriveRbloor/OneDrive/Documentos/NetBeansProjects/Proyecto1P/PoliVentas/src/modelo/Comprador.java</file>
            <file>file:/D:/Documentos/OneDriveRbloor/OneDrive/Documentos/NetBeansProjects/Proyecto1P/PoliVentas/src/modelo/Vendedor.java</file>
            <file>file:/D:/Documentos/OneDriveRbloor/OneDrive/Documentos/NetBeansProjects/Proyecto1P/PoliVentas/src/controladores/Inicio.java</file>
            <file>file:/D:/Documentos/OneDriveRbloor/OneDrive/Documentos/NetBeansProjects/Proyecto1P/PoliVentas/src/controladores/Constantes.java</file>
            <file>file:/D:/Documentos/OneDriveRbloor/OneDrive/Documentos/NetBeansProjects/Proyecto1P/PoliVentas/src/controladores/PoliVentas.java</file>
            <file>file:/D:/Documentos/OneDriveRbloor/OneDrive/Documentos/NetBeansProjects/Proyecto1P/PoliVentas/src/controladores/PantallaBusqueda.java</file>
            <file>file:/D:/Documentos/OneDriveRbloor/OneDrive/Documentos/NetBeansProjects/Proyecto1P/PoliVentas/src/controladores/Producto.java</file>
            <file>file:/D:/Documentos/OneDriveRbloor/OneDrive/Documentos/NetBeansProjects/Proyecto1P/PoliVentas/src/controladores/Registro.java</file>
            <file>file:/D:/Documentos/OneDriveRbloor/OneDrive/Documentos/NetBeansProjects/Proyecto1P/PoliVentas/src/controladores/PantallaComprador.java</file>
            <file>file:/D:/Documentos/OneDriveRbloor/OneDrive/Documentos/NetBeansProjects/Proyecto1P/PoliVentas/src/controladores/PantallaVendedor.java</file>
            <file>file:/D:/Documentos/OneDriveRbloor/OneDrive/Documentos/NetBeansProjects/Proyecto1P/PoliVentas/src/controladores/PantallaMisProductos.java</file>
            <file>file:/D:/Documentos/OneDriveRbloor/OneDrive/Documentos/NetBeansProjects/Proyecto1P/PoliVentas/src/modelo/Adminstrador.java</file>
            <file>file:/D:/Documentos/OneDriveRbloor/OneDrive/Documentos/NetBeansProjects/Proyecto1P/PoliVentas/src/controladores/AdmProducto.java</file>
        </group>
    </open-files>
</project-private>
